{
    "openapi": "3.0.0",
    "info": {
        "title": "Facchas",
        "description": "Sistema de administración deportiva.",
        "version": "1.0.0"
    },
    "paths": {
        "/api/auth/login": {
            "post": {
                "tags": [
                    "Autenticación"
                ],
                "summary": "Iniciar sesión",
                "description": "Iniciar sesión y obtener un token JWT.",
                "operationId": "76d1c72ff2ae78653898b6c824ae1052",
                "requestBody": {
                    "required": true,
                    "content": {
                        "application/json": {
                            "schema": {
                                "required": [
                                    "email",
                                    "password"
                                ],
                                "properties": {
                                    "email": {
                                        "type": "string",
                                        "format": "email",
                                        "example": "user@example.com"
                                    },
                                    "password": {
                                        "type": "string",
                                        "format": "password",
                                        "example": "password123"
                                    }
                                },
                                "type": "object"
                            }
                        }
                    }
                },
                "responses": {
                    "200": {
                        "description": "Inicio de sesión exitoso",
                        "content": {
                            "application/json": {
                                "schema": {
                                    "properties": {
                                        "access_token": {
                                            "type": "string"
                                        },
                                        "token_type": {
                                            "type": "string",
                                            "example": "bearer"
                                        },
                                        "expires_in": {
                                            "type": "integer",
                                            "example": 3600
                                        }
                                    },
                                    "type": "object"
                                }
                            }
                        }
                    },
                    "401": {
                        "description": "Credenciales incorrectas"
                    }
                }
            }
        },
        "/api/auth/me": {
            "get": {
                "tags": [
                    "Autenticación"
                ],
                "summary": "Obtener usuario autenticado",
                "description": "Obtener el usuario autenticado.",
                "operationId": "b0b1edab6d58ff000267e12109031ed6",
                "responses": {
                    "200": {
                        "description": "Usuario autenticado",
                        "content": {
                            "application/json": {
                                "schema": {
                                    "properties": {
                                        "id": {
                                            "type": "integer",
                                            "example": 1
                                        },
                                        "name": {
                                            "type": "string",
                                            "example": "John Doe"
                                        },
                                        "email": {
                                            "type": "string",
                                            "example": "user@example.com"
                                        }
                                    },
                                    "type": "object"
                                }
                            }
                        }
                    }
                },
                "security": [
                    {
                        "bearerAuth": []
                    }
                ]
            }
        },
        "/api/auth/logout": {
            "post": {
                "tags": [
                    "Autenticación"
                ],
                "summary": "Cerrar sesión",
                "description": "Cerrar sesión y invalidar el token.",
                "operationId": "518091f7803f99627477deef0c938dcf",
                "responses": {
                    "200": {
                        "description": "Cierre de sesión exitoso",
                        "content": {
                            "application/json": {
                                "schema": {
                                    "properties": {
                                        "message": {
                                            "type": "string",
                                            "example": "Successfully logged out"
                                        }
                                    },
                                    "type": "object"
                                }
                            }
                        }
                    }
                },
                "security": [
                    {
                        "bearerAuth": []
                    }
                ]
            }
        },
        "/api/auth/refresh": {
            "post": {
                "tags": [
                    "Autenticación"
                ],
                "summary": "Refrescar token",
                "description": "Refrescar el token JWT.",
                "operationId": "fe04897848980bc8b876b707b39c9c36",
                "responses": {
                    "200": {
                        "description": "Token renovado",
                        "content": {
                            "application/json": {
                                "schema": {
                                    "properties": {
                                        "access_token": {
                                            "type": "string"
                                        },
                                        "token_type": {
                                            "type": "string",
                                            "example": "bearer"
                                        },
                                        "expires_in": {
                                            "type": "integer",
                                            "example": 3600
                                        }
                                    },
                                    "type": "object"
                                }
                            }
                        }
                    }
                },
                "security": [
                    {
                        "bearerAuth": []
                    }
                ]
            }
        }
    },
    "tags": [
        {
            "name": "Autenticación",
            "description": "Autenticación"
        }
    ]
}